"Peptide","allele","Binding_affinity","less_than_50","occ","class"
"NVNRFNVAI","HLA-A32:01",490.3892,"500",1,"A"
"TQMNLKYAI","HLA-A32:01",179.6198,"500",1,"A"
"SLYVNKHAF","HLA-A32:01",104.0922,"500",1,"A"
"KAVFISPY","HLA-B15:07",286.6176,"500",1,"B"
"TTAYANSVF","HLA-B15:07",188.2963,"500",1,"B"
"SLYVNKHAF","HLA-B15:07",160.3683,"500",1,"B"
"MMNVAKYTQL","HLA-B15:07",461.8084,"500",1,"B"
"ATTAYANSVF","HLA-B15:07",207.2495,"500",1,"B"
"VAKYTQLCQY","HLA-B15:07",199.6213,"500",1,"B"
"RFVSLAIDAY","HLA-B15:07",388.7649,"500",1,"B"
"TQMNLKYAI","HLA-B40:02",97.0262,"500",1,"B"
"ALGGSVAIK","HLA-A11:02",180.9071,"500",1,"A"
"VSALVYDNK","HLA-A11:02",67.3301,"500",1,"A"
"HAAVDALCEK","HLA-A11:02",376.8375,"500",1,"A"
"TQMNLKYAISAK","HLA-A11:02",179.0998,"500",1,"A"
"RFVSLAIDAY","HLA-A29:01",94.0402,"500",1,"A"
"RARTVAGVSI","HLA-B07:02",164.9955,"500",1,"B"
"FVDGVPFVV","HLA-C02:02",100.9456,"500",1,"C"
"TTAYANSVF","HLA-B15:27",106.9359,"500",1,"B"
"SLYVNKHAF","HLA-B15:27",136.1664,"500",1,"B"
"ATTAYANSVF","HLA-B15:27",186.7725,"500",1,"B"
"VAKYTQLCQY","HLA-B15:27",368.1124,"500",1,"B"
"RFVSLAIDAY","HLA-B15:27",364.6203,"500",1,"B"
"LYVNKHAF","HLA-C14:03",330.9063,"500",1,"C"
"LYLGGMSY","HLA-C14:03",268.9333,"500",1,"C"
"IFVDGVPF","HLA-C14:03",380.0724,"500",1,"C"
"KYTQLCQYL","HLA-C14:03",64.7839,"500",1,"C"
"SLYVNKHAF","HLA-C14:03",135.9015,"500",1,"C"
"IFVDGVPFV","HLA-C14:03",122.8628,"500",1,"C"
"LAIDAYPL","HLA-C03:04",182.3811,"500",1,"C"
"TAYANSVF","HLA-C03:04",385.8607,"500",1,"C"
"FVDGVPFVV","HLA-C03:04",242.0341,"500",1,"C"
"TTAYANSVF","HLA-C03:04",203.5207,"500",1,"C"
"SLYVNKHAF","HLA-C03:04",498.1274,"500",1,"C"
"TQMNLKYAI","HLA-B37:01",403.8131,"500",1,"B"
"KAVFISPY","HLA-B15:05",375.3115,"500",1,"B"
"TQMNLKYAI","HLA-B15:05",154.6915,"500",1,"B"
"TTAYANSVF","HLA-B15:05",169.2848,"500",1,"B"
"SLYVNKHAF","HLA-B15:05",94.8598,"500",1,"B"
"RFVSLAIDAY","HLA-B15:05",424.2178,"500",1,"B"
"TTAYANSVF","HLA-B15:08",183.2475,"500",1,"B"
"FVDGVPFV","HLA-A02:02",139.228,"500",1,"A"
"TQMNLKYAI","HLA-A02:02",244.4821,"500",1,"A"
"AIMTRCLAV","HLA-A02:02",82.7901,"500",1,"A"
"ATTAYANSV","HLA-A02:02",416.1845,"500",1,"A"
"IFVDGVPFV","HLA-A02:02",126.5502,"500",1,"A"
"IFVDGVPFVV","HLA-A02:02",258.2009,"500",1,"A"
"ALGGSVAIKI","HLA-A02:02",436.9494,"500",1,"A"
"YLPYPDPSRIL","HLA-A02:02",376.1203,"500",1,"A"
"YRLANECAQVL","HLA-A02:02",259.4416,"500",1,"A"
"RFVSLAIDAYPL","HLA-A02:02",142.1921,"500",1,"A"
"TQMNLKYAI","HLA-B39:10",471.1198,"500",1,"B"
"TTAYANSVF","HLA-B15:11",168.8769,"500",1,"B"
"LYVNKHAF","HLA-C14:02",330.9063,"500",1,"C"
"LYLGGMSY","HLA-C14:02",268.9333,"500",1,"C"
"IFVDGVPF","HLA-C14:02",380.0724,"500",1,"C"
"KYTQLCQYL","HLA-C14:02",64.7839,"500",1,"C"
"SLYVNKHAF","HLA-C14:02",135.9015,"500",1,"C"
"IFVDGVPFV","HLA-C14:02",122.8628,"500",1,"C"
"RARTVAGVSI","HLA-B07:05",169.997,"500",1,"B"
"NVAKYTQLCQY","HLA-A26:02",345.6544,"500",1,"A"
"ERFVSLAIDAY","HLA-A26:02",372.996,"500",1,"A"
"DATTAYANSVF","HLA-A26:02",250.2901,"500",1,"A"
"FVDGVPFVV","HLA-C15:02",68.7078,"500",1,"C"
"ATTAYANSV","HLA-C15:02",273.828,"500",1,"C"
"SHAAVDAL","HLA-B39:06",205.4433,"500",1,"B"
"TQMNLKYAI","HLA-B39:06",291.7109,"500",1,"B"
"SHAAVDALC","HLA-B39:06",441.015,"500",1,"B"
"SHAAVDAL","HLA-B39:01",91.9037,"500",1,"B"
"YRLANECAQVL","HLA-B39:01",179.0281,"500",1,"B"
"FVDGVPFVV","HLA-C08:01",57.5016,"500",1,"C"
"KYAISAKNR","HLA-A31:01",63.588,"500",1,"A"
"VNRFNVAITR","HLA-A31:01",269.2623,"500",1,"A"
"YAISAKNRAR","HLA-A31:01",406.153,"500",1,"A"
"MGWDYPKCDR","HLA-A31:01",291.9288,"500",1,"A"
"KYAISAKNRAR","HLA-A31:01",235.7332,"500",1,"A"
"FVDGVPFV","HLA-A02:03",164.9455,"500",1,"A"
"FVDGVPFVV","HLA-A02:03",128.2859,"500",1,"A"
"ATTAYANSV","HLA-A02:03",211.1243,"500",1,"A"
"IFVDGVPFV","HLA-A02:03",268.0532,"500",1,"A"
"ALGGSVAIKI","HLA-A02:03",187.5338,"500",1,"A"
"MMNVAKYTQL","HLA-A02:03",65.7286,"500",1,"A"
"QMNLKYAISA","HLA-A02:03",332.6439,"500",1,"A"
"YVNKHAFHTPA","HLA-A02:03",469.8573,"500",1,"A"
"FVDGVPFVV","HLA-C04:03",113.9824,"500",1,"C"
"KAVFISPY","HLA-B15:01",264.7243,"500",1,"B"
"TTAYANSVF","HLA-B15:01",57.2563,"500",1,"B"
"SLYVNKHAF","HLA-B15:01",81.5605,"500",1,"B"
"MMNVAKYTQL","HLA-B15:01",322.7697,"500",1,"B"
"ATTAYANSVF","HLA-B15:01",80.1156,"500",1,"B"
"VAKYTQLCQY","HLA-B15:01",161.3831,"500",1,"B"
"RFVSLAIDAY","HLA-B15:01",208.5316,"500",1,"B"
"RARTVAGVSI","HLA-B07:04",114.8378,"500",1,"B"
"RARTVAGV","HLA-A30:01",383.9283,"500",1,"A"
"RARTVAGVS","HLA-A30:01",51.9128,"500",1,"A"
"ITRCNLGGA","HLA-A30:01",51.8572,"500",1,"A"
"SAKNRARTV","HLA-A30:01",477.5246,"500",1,"A"
"ITRCNLGGAV","HLA-A30:01",449.416,"500",1,"A"
"TQMNLKYAI","HLA-B48:03",202.8392,"500",1,"B"
"KYTQLCQYL","HLA-C07:02",466.5392,"500",1,"C"
"KYTQLCQYL","HLA-A24:07",158.5344,"500",1,"A"
"TAYANSVFNI","HLA-A24:07",129.3255,"500",1,"A"
"TTAYANSVFNI","HLA-A24:07",438.9632,"500",1,"A"
"YAISAKNRAR","HLA-A33:01",499.5738,"500",1,"A"
"NVNRFNVAITR","HLA-A33:01",251.901,"500",1,"A"
"LAIDAYPL","HLA-C03:03",182.3811,"500",1,"C"
"TAYANSVF","HLA-C03:03",385.8607,"500",1,"C"
"FVDGVPFVV","HLA-C03:03",242.0341,"500",1,"C"
"TTAYANSVF","HLA-C03:03",203.5207,"500",1,"C"
"SLYVNKHAF","HLA-C03:03",498.1274,"500",1,"C"
"RFVSLAIDAY","HLA-A30:04",415.213,"500",1,"A"
"FVDGVPFVV","HLA-C17:01",57.1988,"500",1,"C"
"TAYANSVF","HLA-C12:03",354.0844,"500",1,"C"
"NVNRFNVAI","HLA-C12:03",475.1999,"500",1,"C"
"YAISAKNRA","HLA-C12:03",404.6572,"500",1,"C"
"MNVAKYTQL","HLA-C12:03",485.6685,"500",1,"C"
"FVDGVPFVV","HLA-C12:03",241.8354,"500",1,"C"
"TTAYANSVF","HLA-C12:03",141.7098,"500",1,"C"
"SLYVNKHAF","HLA-C12:03",371.8556,"500",1,"C"
"ATTAYANSV","HLA-C12:03",366.8123,"500",1,"C"
"SAKNRARTV","HLA-C12:03",177.1015,"500",1,"C"
"TAYANSVFNI","HLA-C12:03",411.3627,"500",1,"C"
"AIMTRCLAV","HLA-B42:01",388.5629,"500",1,"B"
"RARTVAGVSI","HLA-B42:01",414.4946,"500",1,"B"
"KAVFISPY","HLA-A30:02",434.8363,"500",1,"A"
"LYLGGMSYY","HLA-A30:02",94.3429,"500",1,"A"
"VAKYTQLCQY","HLA-A30:02",129.1577,"500",1,"A"
"RFVSLAIDAY","HLA-A30:02",129.9623,"500",1,"A"
"YLPYPDPSRI","HLA-B51:02",137.843,"500",1,"B"
"TTAYANSVF","HLA-B15:02",83.9274,"500",1,"B"
"SLYVNKHAF","HLA-B15:02",117.9431,"500",1,"B"
"LYVNKHAF","HLA-A24:03",180.1902,"500",1,"A"
"IFVDGVPF","HLA-A24:03",403.8699,"500",1,"A"
"LYLGGMSYY","HLA-A24:03",133.5084,"500",1,"A"
"KYTQLCQYLN","HLA-A24:03",365.6831,"500",1,"A"
"VAKYTQLCQYL","HLA-A24:03",195.3522,"500",1,"A"
"TTAYANSVFNI","HLA-A24:03",98.2878,"500",1,"A"
"ATTAYANSVFNI","HLA-A24:03",130.6377,"500",1,"A"
"KAVFISPY","HLA-B15:17",126.3067,"500",1,"B"
"ATTAYANSV","HLA-B15:17",463.8613,"500",1,"B"
"VAKYTQLCQY","HLA-B15:17",67.5593,"500",1,"B"
"RARTVAGVSI","HLA-B15:17",179.647,"500",1,"B"
"GDATTAYANSVF","HLA-B15:17",141.9968,"500",1,"B"
"FVDGVPFV","HLA-A02:05",182.0696,"500",1,"A"
"TQMNLKYAI","HLA-A02:05",115.1376,"500",1,"A"
"AIMTRCLAV","HLA-A02:05",159.7034,"500",1,"A"
"ATTAYANSV","HLA-A02:05",176.7608,"500",1,"A"
"IFVDGVPFV","HLA-A02:05",257.838,"500",1,"A"
"MMNVAKYTQL","HLA-A02:05",319.808,"500",1,"A"
"YLPYPDPSRI","HLA-A02:05",243.0603,"500",1,"A"
"TTAYANSVF","HLA-B57:03",246.9651,"500",1,"B"
"ATTAYANSVF","HLA-B57:03",383.5175,"500",1,"B"
"TAYANSVF","HLA-C03:02",271.1686,"500",1,"C"
"FVDGVPFVV","HLA-C03:02",232.5437,"500",1,"C"
"TTAYANSVF","HLA-C03:02",61.3391,"500",1,"C"
"SLYVNKHAF","HLA-C03:02",227.0689,"500",1,"C"
"LYLGGMSYY","HLA-C03:02",476.3736,"500",1,"C"
"TTAYANSVF","HLA-B35:01",140.2864,"500",1,"B"
"KAVFISPY","HLA-B15:25",119.2532,"500",1,"B"
"LYLGGMSY","HLA-B15:25",354.8936,"500",1,"B"
"TQMNLKYAI","HLA-B15:25",358.7619,"500",1,"B"
"TTAYANSVF","HLA-B15:25",60.5446,"500",1,"B"
"MMNVAKYTQL","HLA-B15:25",416.4186,"500",1,"B"
"ATTAYANSVF","HLA-B15:25",149.6796,"500",1,"B"
"VAKYTQLCQY","HLA-B15:25",158.9484,"500",1,"B"
"RFVSLAIDAY","HLA-B15:25",279.4793,"500",1,"B"
"RFVSLAIDAY","HLA-A29:02",94.0402,"500",1,"A"
"ALGGSVAIK","HLA-A11:01",180.9071,"500",1,"A"
"VSALVYDNK","HLA-A11:01",67.3301,"500",1,"A"
"HAAVDALCEK","HLA-A11:01",376.8375,"500",1,"A"
"TQMNLKYAISAK","HLA-A11:01",179.0998,"500",1,"A"
"FVDGVPFVV","HLA-C15:05",76.1211,"500",1,"C"
"TTAYANSV","HLA-A68:02",408.0735,"500",1,"A"
"FVDGVPFVV","HLA-A68:02",120.5114,"500",1,"A"
"ATTAYANSV","HLA-A68:02",83.8212,"500",1,"A"
"TAYANSVFNI","HLA-A68:02",92.5313,"500",1,"A"
"DATTAYANSV","HLA-A68:02",141.1085,"500",1,"A"
"TTAYANSVFNI","HLA-A68:02",144.8693,"500",1,"A"
"TTAYANSVF","HLA-B35:05",259.5256,"500",1,"B"
"FVDGVPFVV","HLA-C08:02",102.4087,"500",1,"C"
"KYTQLCQYL","HLA-A24:02",64.7986,"500",1,"A"
"TAYANSVFNI","HLA-A24:02",106.8826,"500",1,"A"
"TTAYANSVFNI","HLA-A24:02",352.3949,"500",1,"A"
"NLKYAISAK","HLA-A68:01",225.6826,"500",1,"A"
"AAVDALCEK","HLA-A68:01",141.9354,"500",1,"A"
"YLPYPDPSR","HLA-A68:01",253.7558,"500",1,"A"
"VSALVYDNK","HLA-A68:01",146.0908,"500",1,"A"
"FVDGVPFV","HLA-C05:01",291.8531,"500",1,"C"
"TQMNLKYAI","HLA-B47:03",263.9977,"500",1,"B"
"FVDGVPFVV","HLA-C08:03",57.5016,"500",1,"C"
"FVDGVPFVV","HLA-C02:10",100.9456,"500",1,"C"
"NLKYAISAK","HLA-A03:01",195.9534,"500",1,"A"
"ALGGSVAIK","HLA-A03:01",73.3328,"500",1,"A"
"QMNLKYAISAK","HLA-A03:01",415.7478,"500",1,"A"
"TQMNLKYAISAK","HLA-A03:01",424.4014,"500",1,"A"
"NLKYAISAK","HLA-A66:02",339.6118,"500",1,"A"
"TTAYANSVF","HLA-A66:02",469.7097,"500",1,"A"
"TQMNLKYAI","HLA-B48:01",259.5172,"500",1,"B"
"TTAYANSVF","HLA-B15:16",55.9525,"500",1,"B"
"ATTAYANSVF","HLA-B15:16",99.255,"500",1,"B"
"TAYANSVFNI","HLA-B15:16",360.1779,"500",1,"B"
"RARTVAGVSI","HLA-B15:16",257.0471,"500",1,"B"
"ERFVSLAI","HLA-B41:02",473.619,"500",1,"B"
"TQMNLKYAI","HLA-B41:02",90.2971,"500",1,"B"
"TQMNLKYAI","HLA-B38:01",384.0905,"500",1,"B"
"VNRFNVAITR","HLA-B27:05",165.939,"500",1,"B"
"YRLANECAQV","HLA-B27:05",452.2549,"500",1,"B"
"RARTVAGVSI","HLA-B27:05",187.4508,"500",1,"B"
"YRLANECAQVL","HLA-B27:05",234.9514,"500",1,"B"
"YLPYPDPSRI","HLA-B51:01",371.4573,"500",1,"B"
"FVDGVPFV","HLA-A02:01",149.5874,"500",1,"A"
"TQMNLKYAI","HLA-A02:01",273.4489,"500",1,"A"
"IFVDGVPFV","HLA-A02:01",141.3576,"500",1,"A"
"IFVDGVPFVV","HLA-A02:01",320.747,"500",1,"A"
"YLPYPDPSRI","HLA-A02:01",116.828,"500",1,"A"
"IMTRCLAV","HLA-B08:01",217.9175,"500",1,"B"
"NVAKYTQL","HLA-B08:01",468.1976,"500",1,"B"
"QMNLKYAI","HLA-B08:01",81.2426,"500",1,"B"
"MNVAKYTQL","HLA-B08:01",303.7278,"500",1,"B"
"SLYVNKHAF","HLA-B08:01",360.1542,"500",1,"B"
"SAKNRARTV","HLA-B08:01",58.2877,"500",1,"B"
"FVDGVPFVV","HLA-C08:04",112.5194,"500",1,"C"
"TQMNLKYAI","HLA-B47:01",402.9881,"500",1,"B"
"TTAYANSVF","HLA-B57:02",239.2509,"500",1,"B"
"TQMNLKYAI","HLA-B13:02",257.972,"500",1,"B"
"YAISAKNRAR","HLA-A33:03",135.9648,"500",1,"A"
"MGWDYPKCDR","HLA-A33:03",454.7572,"500",1,"A"
"NVNRFNVAITR","HLA-A33:03",131.7249,"500",1,"A"
"KAVFISPY","HLA-B15:32",311.5563,"500",1,"B"
"TTAYANSVF","HLA-B15:32",57.0547,"500",1,"B"
"SLYVNKHAF","HLA-B15:32",73.3519,"500",1,"B"
"MMNVAKYTQL","HLA-B15:32",228.1104,"500",1,"B"
"ATTAYANSVF","HLA-B15:32",76.6633,"500",1,"B"
"VAKYTQLCQY","HLA-B15:32",158.0668,"500",1,"B"
"RFVSLAIDAY","HLA-B15:32",339.6153,"500",1,"B"
"YQNNVFMS","HLA-B15:03",271.4505,"500",1,"B"
"TAYANSVF","HLA-B15:03",101.8959,"500",1,"B"
"KAVFISPY","HLA-B15:03",81.4538,"500",1,"B"
"LYLGGMSY","HLA-B15:03",212.9781,"500",1,"B"
"IFVDGVPF","HLA-B15:03",486.9261,"500",1,"B"
"MNVAKYTQL","HLA-B15:03",385.5811,"500",1,"B"
"YQNNVFMSE","HLA-B15:03",238.4497,"500",1,"B"
"MMNVAKYTQL","HLA-B15:03",192.5425,"500",1,"B"
"ATTAYANSVF","HLA-B15:03",189.1131,"500",1,"B"
"VAKYTQLCQY","HLA-B15:03",79.3401,"500",1,"B"
"RFVSLAIDAY","HLA-B15:03",309.4366,"500",1,"B"
"MNVAKYTQLCQY","HLA-B15:03",328.7047,"500",1,"B"
"ALGGSVAIK","HLA-A03:02",109.4597,"500",1,"A"
"NLKYAISAK","HLA-A34:01",300.0014,"500",1,"A"
"TTAYANSVF","HLA-A34:01",402.9926,"500",1,"A"
"FVDGVPFVV","HLA-C12:02",304.0206,"500",1,"C"
"TTAYANSVF","HLA-C12:02",271.06,"500",1,"C"
"TTAYANSVF","HLA-A26:01",244.2069,"500",1,"A"
"ATTAYANSV","HLA-A02:06",220.0498,"500",1,"A"
"IFVDGVPFV","HLA-A02:06",68.5993,"500",1,"A"
"IFVDGVPFVV","HLA-A02:06",207.4177,"500",1,"A"
"YRLANECAQV","HLA-A02:06",84.8928,"500",1,"A"
"VIDLLLDDFV","HLA-A02:06",446.5852,"500",1,"A"
"FVDGVPFVVS","HLA-A02:06",484.7552,"500",1,"A"
"YLPYPDPSRI","HLA-A02:06",385.289,"500",1,"A"
"KYTQLCQYL","HLA-A23:01",67.6082,"500",1,"A"
"TAYANSVFNI","HLA-A23:01",100.7786,"500",1,"A"
"TTAYANSVFNI","HLA-A23:01",360.5482,"500",1,"A"
"TAYANSVF","HLA-C16:01",342.5677,"500",1,"C"
"NVNRFNVAI","HLA-C16:01",328.6193,"500",1,"C"
"FVDGVPFVV","HLA-C16:01",191.7794,"500",1,"C"
"TTAYANSVF","HLA-C16:01",168.5082,"500",1,"C"
"SLYVNKHAF","HLA-C16:01",162.0304,"500",1,"C"
"AIMTRCLAV","HLA-C16:01",444.9454,"500",1,"C"
"ATTAYANSV","HLA-C16:01",471.3083,"500",1,"C"
"TQMNLKYAI","HLA-B38:02",340.0641,"500",1,"B"
"NLKYAISAK","HLA-A34:02",115.8562,"500",1,"A"
"AAVDALCEK","HLA-A34:02",339.3436,"500",1,"A"
"HAAVDALCEK","HLA-A34:02",332.6368,"500",1,"A"
"TTAYANSVF","HLA-B58:01",385.6353,"500",1,"B"
"ATTAYANSVF","HLA-B58:01",407.7513,"500",1,"B"
"TQMNLKYAI","HLA-B40:12",202.8392,"500",1,"B"
"AAVDALCEK","HLA-A11:02",47.2803,"50",1,"A"
"LYLGGMSYY","HLA-A29:01",18.5527,"50",1,"A"
"LYLGGMSYY","HLA-C14:03",31.4611,"50",1,"C"
"FVDGVPFVV","HLA-A02:02",21.3125,"50",1,"A"
"MMNVAKYTQL","HLA-A02:02",35.8613,"50",1,"A"
"YRLANECAQV","HLA-A02:02",6.7402,"50",1,"A"
"YLPYPDPSRI","HLA-A02:02",33.6043,"50",1,"A"
"LYLGGMSYY","HLA-C14:02",31.4611,"50",1,"C"
"TTAYANSVF","HLA-A26:02",22.9091,"50",1,"A"
"TQMNLKYAI","HLA-B39:01",45.1397,"50",1,"B"
"AIMTRCLAV","HLA-A02:03",15.3944,"50",1,"A"
"YRLANECAQV","HLA-A02:03",6.5151,"50",1,"A"
"YLPYPDPSRI","HLA-A02:03",14.6584,"50",1,"A"
"RARTVAGVSI","HLA-A30:01",38.0902,"50",1,"A"
"KYTQLCQYL","HLA-A24:03",5.724,"50",1,"A"
"TAYANSVFNI","HLA-A24:03",32.6848,"50",1,"A"
"TTAYANSVF","HLA-B15:17",7.5949,"50",1,"B"
"ATTAYANSVF","HLA-B15:17",15.8518,"50",1,"B"
"FVDGVPFVV","HLA-A02:05",46.9911,"50",1,"A"
"YRLANECAQV","HLA-A02:05",40.3361,"50",1,"A"
"SLYVNKHAF","HLA-B15:25",28.3778,"50",1,"B"
"LYLGGMSYY","HLA-A29:02",18.5527,"50",1,"A"
"AAVDALCEK","HLA-A11:01",47.2803,"50",1,"A"
"NVNRFNVAI","HLA-A68:02",28.6464,"50",1,"A"
"HAAVDALCEK","HLA-A68:01",39.8184,"50",1,"A"
"YAISAKNRAR","HLA-A68:01",29.8175,"50",1,"A"
"NVNRFNVAITR","HLA-A68:01",30.8379,"50",1,"A"
"FVDGVPFVV","HLA-C05:01",16.0087,"50",1,"C"
"TQMNLKYAI","HLA-B13:01",43.0546,"50",1,"B"
"FVDGVPFVV","HLA-A02:01",11.7812,"50",1,"A"
"AIMTRCLAV","HLA-A02:01",43.3032,"50",1,"A"
"YRLANECAQV","HLA-A02:01",26.5265,"50",1,"A"
"AIMTRCLAV","HLA-B08:01",27.0792,"50",1,"B"
"MMNVAKYTQL","HLA-B08:01",36.8071,"50",1,"B"
"TQMNLKYAI","HLA-B15:03",36.2514,"50",1,"B"
"TTAYANSVF","HLA-B15:03",38.012,"50",1,"B"
"SLYVNKHAF","HLA-B15:03",16.2265,"50",1,"B"
"FVDGVPFV","HLA-A02:06",40.1554,"50",1,"A"
"FVDGVPFVV","HLA-A02:06",8.9374,"50",1,"A"
"TQMNLKYAI","HLA-A02:06",24.7215,"50",1,"A"
"AIMTRCLAV","HLA-A02:06",26.5822,"50",1,"A"
